INSERT INTO CUSTOMER
VALUES
  (1, 'Quinn', '5309876543'),
  (2, 'Mia', '5318765432'),
  (3, 'Charlie', '5327654321'),
  (4, 'Liam', '5336543210'),
  (5, 'Sara', '5345432109'),
  (6, 'Jack', '5354321098'),
  (7, 'Olivia', '5363210987'),
  (8, 'Frank', '5372109876'),
  (9, 'Ivy', '5381098765'),
  (10, 'Karen', '5390987654'),
  (11, 'Ryan', '5309876543'),
  (12, 'William', '5318765432'),
  (13, 'Paul', '5327654321'),
  (14, 'Alice', '5336543210'),
  (15, 'Noah', '5345432109'),
  (16, 'Eva', '5354321098'),
  (17, 'Tyler', '5363210987'),
  (18, 'Vera', '5372109876'),
  (19, 'Bob', '5381098765'),
  (20, 'Charlie', '5390987654'),
  (21, 'Uma', '5301234567'),
  (22, 'David', '5312345678'),
  (23, 'Henry', '5323456789'),
  (24, 'Sophia', '5334567890'),
  (25, 'Logan', '5345678901'),
  (26, 'Emma', '5356789012'),
  (27, 'Aiden', '5367890123'),
  (28, 'Grace', '5378901234'),
  (29, 'Lucas', '5389012345'),
  (30, 'Ava', '5390123456'),
  (31, 'Ethan', '5301234567'),
  (32, 'Lily', '5312345678'),
  (33, 'Jackson', '5323456789'),
  (34, 'Chloe', '5334567890'),
  (35, 'Mason', '5345678901'),
  (36, 'Harper', '5356789012'),
  (37, 'Carter', '5367890123'),
  (38, 'Madison', '5378901234'),
  (39, 'Elijah', '5389012345'),
  (40, 'Scarlett', '5390123456');

INSERT INTO SEARCH_HISTORY
VALUES
  (1,  'discount codes'),
  (3,  'plane trips'),
  (4,  'are airplanes safe'),
  (5,  'martı rental near me'),
  (5,  'ferry tickets for weekend trip'),
  (8,  'are trains faster than busses'),
  (9,  'train ticket price'),
  (10, 'ferry trips in istanbul'),
  (12, 'izmir airport'),
  (12, 'airplane with beds'),
  (14, 'cheap car rental'),
  (16, 'plane crash possibility'),
  (18, 'bus trips this sunday'),
  (19, 'train with beds'),
  (23, 'are airplane seats comfy'),
  (23, 'luxury airplane journeys'),
  (24, 'best airplane travel tips'),
  (25, 'luxury train journeys'),
  (26, 'ferry schedule to island'),
  (27, 'bus tours in Europe'),
  (28, 'affordable car rental options'),
  (30, 'high-speed train routes'),
  (30, 'are trains faster than ships'),
  (31, 'ferry ride with scenic views'),
  (32, 'bus tickets for weekend trip'),
  (32, 'cheap bus ticket'),
  (34, 'plane ticket comparison'),
  (35, 'train ticket discounts'),
  (37, 'bus routes and schedules'),
  (37, 'car rental near me'),
  (39, 'private jet rental for events'),
  (40, 'train compartments with wifi');
 
INSERT INTO PREFERENCE_LOG
VALUES
  (1, 'Airplane Trip, Turkish Airlines'),
  (2, 'Airplane Trip, Turkish Airlines'),
  (2, 'Train Trip, TCDD'),
  (3, 'Train Trip, TCDD'),
  (4, 'Microbility Rental, Martı'),
  (5, 'Bus Trip, Obilet'),
  (6, 'Bus Trip, Obilet'),
  (6, 'Car Rental, Obilet'),
  (7, 'Car Rental, Yolcu360'),
  (8, 'Train Trip, IZBAN'),
  (9, 'Ship Trip, IDO'),
  (10, 'Airplane Trip, Turkish Airlines'),
  (11, 'Airplane Trip, Turkish Airlines'),
  (12, 'Bus Trip, Obilet'),
  (13, 'Car Rental, Yolcu360'),
  (13, 'Bus Trip, Obilet'),
  (14, 'Microbility Rental, Martı'),
  (15, 'Train Trip, IZBAN'),
  (16, 'Ship Trip, Obilet'),
  (17, 'Airplane Trip, Obilet'),
  (18, 'Car Rental, Obilet'),
  (19, 'Airplane Trip, Turkish Airlines'),
  (20, 'Bus Trip, Obilet'),
  (21, 'Train Trip, TCDD'),
  (22, 'Ship Trip, IDO'),
  (23, 'Car Rental, Obilet'),
  (24, 'Airplane Trip, Turkish Airlines'),
  (25, 'Microbility Rental, Martı'),
  (25, 'Airplane Trip, Turkish Airlines'),
  (26, 'Train Trip, IZBAN'),
  (27, 'Airplane Trip, Turkish Airlines'),
  (28, 'Bus Trip, Obilet'),
  (29, 'Car Rental, Yolcu360'),
  (30, 'Airplane Trip, Turkish Airlines'),
  (30, 'Car Rental, Yolcu360'),
  (31, 'Microbility Rental, Martı'),
  (32, 'Train Trip, IZBAN'),
  (33, 'Ship Trip, Obilet'),
  (34, 'Airplane Trip, Turkish Airlines'),
  (34, 'Bus Trip, Obilet'),
  (35, 'Car Rental, Obilet'),
  (36, 'Airplane Trip, Obilet'),
  (37, 'Bus Trip, Obilet'),
  (38, 'Car Rental, Yolcu360'),
  (38, 'Ship Trip, IDO'),
  (39, 'Ship Trip, IDO'),
  (40, 'Train Trip, TCDD');
  
INSERT INTO TRANSPORTATION_HISTORY
VALUES
  (1, 'TA_AP_7890'),
  (1, 'TA_AP_1239'),
  (1, 'TA_AP_5678'),
  (2, 'ID_SH_5678'),
  (2, 'TA_AP_7890'),
  (3, 'OB_SH_1234'),
  (3, 'IZ_TR_9012'),
  (4, 'IZ_TR_6789'),
  (4, 'OB_CR_2345'),
  (4, 'OB_BU_8901'),
  (5, 'OB_CR_2345'),
  (5, 'OB_AP_5678'),
  (5, 'OB_CR_5678'),
  (6, 'IZ_TR_1234'),
  (6, 'OB_BU_7890'),
  (6, 'OB_SH_4567'),
  (7, 'YC_CR_4567'),
  (7, 'IZ_TR_5678'),
  (9, 'OB_AP_5678'),
  (9, 'TD_TR_4567'),
  (9, 'OB_SH_2345'),
  (10, 'OB_CR_9012'),
  (10, 'YC_CR_1234'),
  (11, 'OB_BU_2345'),
  (11, 'OB_SH_6789'),
  (11, 'OB_BU_1239'),
  (12, 'MT_MM_2345'),
  (12, 'MT_MM_6789'),
  (12, 'TA_AP_1234'),
  (16, 'TA_AP_1234'),
  (16, 'IZ_TR_7890'),
  (17, 'OB_AP_5678'),
  (17, 'OB_BU_7890'),
  (17, 'IZ_TR_6789'),
  (18, 'OB_BU_5678'),
  (18, 'OB_CR_3456'),
  (18, 'TA_AP_5678'),
  (19, 'OB_BU_1234'),
  (19, 'OB_SH_8901'),
  (19, 'YC_CR_8901'),
  (20, 'OB_CR_6789'),
  (20, 'OB_CR_6749'),
  (20, 'OB_SH_1234'),
  (22, 'OB_SH_1239'),
  (23, 'YC_CR_1234'),
  (23, 'YC_CR_4567'),
  (24, 'OB_BU_5678'),
  (24, 'OB_BU_9012'),
  (24, 'OB_SH_7890'),
  (25, 'OB_BU_4567'),
  (26, 'TA_AP_8901'),
  (26, 'OB_BU_4567'),
  (26, 'OB_SH_5678'),
  (27, 'OB_AP_2345'),
  (27, 'TA_AP_5634'),
  (27, 'IZ_TR_7890'),
  (28, 'MT_MM_9012'),
  (28, 'IZ_TR_7890'),
  (28, 'OB_BU_4561'),
  (29, 'OB_SH_6789'),
  (30, 'OB_SH_5678'),
  (30, 'TA_AP_4561'),
  (31, 'OB_AP_9012'),
  (31, 'IZ_TR_5678'),
  (32, 'IZ_TR_5678'),
  (32, 'TA_AP_9823'),
  (33, 'TA_AP_9823'),
  (33, 'TD_TR_8901'),
  (34, 'TD_TR_8901'),
  (34, 'OB_SH_5678'),
  (34, 'IZ_TR_2345'),
  (35, 'IZ_TR_5678'),
  (35, 'OB_CR_9012'),
  (35, 'IZ_TR_2345'),
  (36, 'OB_SH_5678'),
  (36, 'OB_CR_9012'),
  (37, 'OB_CR_9012'),
  (37, 'YC_CR_5678'),
  (38, 'YC_CR_5678'),
  (38, 'IZ_TR_5678'),
  (39, 'IZ_TR_5678'),
  (39, 'OB_CR_9012'),
  (39, 'TA_AP_2345'),
  (39, 'YC_CR_6789'),
  (40, 'MT_MM_7890'),
  (40, 'MT_MM_6789');


INSERT INTO TERMINAL
VALUES
  ('AP_0001', 'İzmir Airport', 'İzmir'),
  ('AP_0002', 'İstanbul Airport', 'İstanbul'),
  ('AP_0003', 'Bursa Airport', 'Bursa'),
  ('AP_0004', 'Ankara Airport', 'Ankara'),
  ('AP_0005', 'Kars Airport', 'Kars'),
  ('AP_0006', 'Denizli Airport', 'Denizli'),
  ('AP_0007', 'Antalya Airport', 'Antalya'),
  ('AP_0008', 'Sivas Airport', 'Sivas'),
  ('AP_0009', 'Hatay Airport', 'Hatay'),
  ('AP_0010', 'Çanakkale Airport', 'Çanakkale'),
  
  ('SH_0001', 'İzmir Urla Port', 'İzmir'),
  ('SH_0002', 'İzmir Konak Port', 'İzmir'),
  ('SH_0003', 'İzmir Karşıyaka Port', 'İzmir'),
  ('SH_0004', 'İstanbul Avcılar Port', 'İstanbul'),
  ('SH_0005', 'İstanbul Tuzla Port', 'İstanbul'),
  ('SH_0006', 'Bursa Port', 'Bursa'),
  ('SH_0007', 'Çanakkale Port', 'Çanakkale'),
  ('SH_0008', 'Samsun Port', 'Samsun'),
  ('SH_0009', 'Antalya Port', 'Antalya'),
  ('SH_0010', 'Hatay Port', 'Hatay'),
  
  ('TR_0001', 'İzmir Esbaş Station', 'İzmir'),
  ('TR_0002', 'İzmir Hilal Station', 'İzmir'),
  ('TR_0003', 'İzmir Basmane Station', 'İzmir'),
  ('TR_0004', 'İzmir Selçuk Station', 'İzmir'),
  ('TR_0005', 'Bursa Station', 'Bursa'),
  ('TR_0006', 'Ankara Station', 'Ankara'),
  ('TR_0007', 'Antalya Station', 'Antalya'),
  ('TR_0008', 'Çanakkale Station', 'Çanakkale'),
  ('TR_0009', 'Hatay Station', 'Hatay'),
  ('TR_0010', 'Kars Station', 'Kars'),
  ('TR_0011', 'İstanbul Station', 'İstanbul'),
  
  ('BU_0001', 'İzmir Terminal', 'İzmir'),
  ('BU_0002', 'İstanbul Terminal', 'İstanbul'),
  ('BU_0003', 'Bursa Terminal', 'Bursa'),
  ('BU_0004', 'Ankara Terminal', 'Ankara'),
  ('BU_0005', 'Antalya Terminal', 'Antalya'),
  ('BU_0006', 'Çanakkale Terminal', 'Çanakkale'),
  ('BU_0007', 'Hatay Terminal', 'Hatay'),
  ('BU_0008', 'Kars Terminal', 'Kars'),
  ('BU_0009', 'Malatya Terminal', 'Malatya'),
  ('BU_0010', 'Zonguldak Terminal', 'Zonguldak');
  
  
INSERT INTO SCHEDULED_TRIPS
VALUES
  ('TA_AP_0001', 'AP_0001', '2024-01-10', 'AP_0006', '2024-01-11'),
  ('TA_AP_0002', 'AP_0002', '2024-02-04', 'AP_0004', '2024-02-04'),
  ('TA_AP_0003', 'AP_0007', '2024-03-21', 'AP_0009', '2024-03-22'),
  ('TA_AP_0004', 'AP_0007', '2024-03-22', 'AP_0009', '2024-03-23'),
  ('TA_AP_0005', 'AP_0005', '2024-02-13', 'AP_0003', '2024-02-14'),
  ('TA_AP_0006', 'AP_0007', '2024-02-08', 'AP_0010', '2024-02-08'),
  
  ('ID_SH_0001', 'SH_0001', '2024-02-06', 'SH_0003', '2024-02-06'),
  ('ID_SH_0002', 'SH_0009', '2024-01-15', 'SH_0010', '2024-01-15'),
  ('ID_SH_0003', 'SH_0004', '2024-03-03', 'SH_0007', '2024-03-03'),
  ('ID_SH_0004', 'SH_0008', '2024-02-06', 'SH_0002', '2024-02-06'),
  ('ID_SH_0005', 'SH_0009', '2024-01-18', 'SH_0005', '2024-01-18'),
  ('ID_SH_0006', 'SH_0009', '2024-02-14', 'SH_0007', '2024-02-14'),
  
  ('IZ_TR_0001', 'TR_0001', NULL, 'TR_0002', NULL),
  ('IZ_TR_0002', 'TR_0001', NULL, 'TR_0003', NULL),
  ('IZ_TR_0003', 'TR_0001', NULL, 'TR_0004', NULL),
  ('IZ_TR_0004', 'TR_0002', NULL, 'TR_0001', NULL),
  ('IZ_TR_0005', 'TR_0002', NULL, 'TR_0003', NULL),
  ('IZ_TR_0006', 'TR_0002', NULL, 'TR_0004', NULL),
  ('IZ_TR_0007', 'TR_0003', NULL, 'TR_0001', NULL),
  ('IZ_TR_0008', 'TR_0003', NULL, 'TR_0002', NULL),
  ('IZ_TR_0009', 'TR_0003', NULL, 'TR_0004', NULL),
  ('IZ_TR_0010', 'TR_0004', NULL, 'TR_0001', NULL),
  ('IZ_TR_0011', 'TR_0004', NULL, 'TR_0002', NULL),
  ('IZ_TR_0012', 'TR_0004', NULL, 'TR_0003', NULL),
 
  ('TD_TR_0001', 'TR_0004', '2024-02-14', 'TR_0002', '2024-02-14'),
  ('TD_TR_0002', 'TR_0005', '2024-02-18', 'TR_0008', '2024-02-18'),
  ('TD_TR_0003', 'TR_0011', '2024-03-05', 'TR_0009', '2024-03-06'),
  ('TD_TR_0004', 'TR_0003', '2024-03-09', 'TR_0006', '2024-03-09'),
  ('TD_TR_0005', 'TR_0011', '2024-01-31', 'TR_0007', '2024-02-01'),
  ('TD_TR_0006', 'TR_0011', '2024-02-04', 'TR_0006', '2024-02-04'),
  ('TD_TR_0007', 'TR_0007', '2024-01-08', 'TR_0008', '2024-01-08'),
  
  ('OB_AP_0001', 'AP_0007', '2024-03-21', 'AP_0009', '2024-03-21'),
  ('OB_AP_0002', 'AP_0004', '2024-01-20', 'AP_0006', '2024-01-20'),
  ('OB_AP_0003', 'AP_0009', '2024-02-02', 'AP_0005', '2024-02-02'),
  
  ('OB_SH_0001', 'SH_0008', '2024-02-06', 'SH_0002', '2024-02-06'),
  ('OB_SH_0002', 'SH_0005', '2024-01-17', 'SH_0004', '2024-01-17'),
  ('OB_SH_0003', 'SH_0007', '2024-01-25', 'SH_0001', '2024-01-25'),
  ('OB_SH_0004', 'SH_0010', '2024-03-26', 'SH_0006', '2024-03-26'),
   
  -- ('OB_BU_0008', 'AP_0001', '2024-01-07', 'BU_0010', '2024-01-08'), -- Trigger 3
  
  ('OB_BU_0001', 'BU_0002', '2024-02-04', 'BU_0004', '2024-02-04'),
  ('OB_BU_0002', 'BU_0005', '2024-02-10', 'BU_0006', '2024-02-10'),
  ('OB_BU_0003', 'BU_0007', '2024-03-26', 'BU_0003', '2024-03-26'),
  ('OB_BU_0004', 'BU_0004', '2024-02-12', 'BU_0001', '2024-02-12'),
  ('OB_BU_0005', 'BU_0006', '2024-01-15', 'BU_0002', '2024-01-15'),
  ('OB_BU_0006', 'BU_0007', '2024-02-18', 'BU_0005', '2024-02-18'),
  ('OB_BU_0007', 'BU_0008', '2024-03-20', 'BU_0002', '2024-03-21'),
  ('OB_BU_0008', 'BU_0001', '2024-01-07', 'BU_0010', '2024-01-08');


INSERT INTO FARE
VALUES
  ('TA_AP_0001', 'Child', 600),
  ('TA_AP_0001', 'Student', 800),
  ('TA_AP_0001', 'Adult', 1000),
  ('TA_AP_0001', 'Elderly', 700),
  
  ('TA_AP_0002', 'Child', 900),
  ('TA_AP_0002', 'Student', 1250),
  ('TA_AP_0002', 'Adult', 1500),
  ('TA_AP_0002', 'Elderly', 1100),
  
  ('TA_AP_0003', 'Child', 800),
  ('TA_AP_0003', 'Student', 1200),
  ('TA_AP_0003', 'Adult', 1400),
  ('TA_AP_0003', 'Elderly', 1050),
  
  ('TA_AP_0004', 'Child', 1000),
  ('TA_AP_0004', 'Student', 1400),
  ('TA_AP_0004', 'Adult', 1600),
  ('TA_AP_0004', 'Elderly', 1200),
  
  ('TA_AP_0005', 'Child', 1200),
  ('TA_AP_0005', 'Student', 1600),
  ('TA_AP_0005', 'Adult', 1800),
  ('TA_AP_0005', 'Elderly', 1500),
  
  ('TA_AP_0006', 'Child', 1400),
  ('TA_AP_0006', 'Student', 1700),
  ('TA_AP_0006', 'Adult', 2000),
  ('TA_AP_0006', 'Elderly', 1600),
  
  ('ID_SH_0001', 'Child', 150),
  ('ID_SH_0001', 'Student', 200),
  ('ID_SH_0001', 'Adult', 300),
  ('ID_SH_0001', 'Elderly', 175),
  
  ('ID_SH_0002', 'Child', 125),
  ('ID_SH_0002', 'Student', 185),
  ('ID_SH_0002', 'Adult', 250),
  ('ID_SH_0002', 'Elderly', 160),
  
  ('ID_SH_0003', 'Child', 200),
  ('ID_SH_0003', 'Student', 350),
  ('ID_SH_0003', 'Adult', 400),
  ('ID_SH_0003', 'Elderly', 300),
  
  ('ID_SH_0004', 'Child', 90),
  ('ID_SH_0004', 'Student', 110),
  ('ID_SH_0004', 'Adult', 150),
  ('ID_SH_0004', 'Elderly', 100),
  
  ('ID_SH_0005', 'Child', 400),
  ('ID_SH_0005', 'Student', 500),
  ('ID_SH_0005', 'Adult', 600),
  ('ID_SH_0005', 'Elderly', 450),
  
  ('ID_SH_0006', 'Child', 50),
  ('ID_SH_0006', 'Student', 60),
  ('ID_SH_0006', 'Adult', 80),
  ('ID_SH_0006', 'Elderly', 55),
  
  ('IZ_TR_0001', 'Child', 15),
  ('IZ_TR_0001', 'Student', 20),
  ('IZ_TR_0001', 'Adult', 30),
  ('IZ_TR_0001', 'Elderly', 18),
  
  ('IZ_TR_0002', 'Child', 20),
  ('IZ_TR_0002', 'Student', 30),
  ('IZ_TR_0002', 'Adult', 40),
  ('IZ_TR_0002', 'Elderly', 25),
  
  ('IZ_TR_0003', 'Child', 25),
  ('IZ_TR_0003', 'Student', 40),
  ('IZ_TR_0003', 'Adult', 50),
  ('IZ_TR_0003', 'Elderly', 35),
  
  ('IZ_TR_0004', 'Child', 15),
  ('IZ_TR_0004', 'Student', 20),
  ('IZ_TR_0004', 'Adult', 30),
  ('IZ_TR_0004', 'Elderly', 18),
  
  ('IZ_TR_0005', 'Child', 15),
  ('IZ_TR_0005', 'Student', 20),
  ('IZ_TR_0005', 'Adult', 30),
  ('IZ_TR_0005', 'Elderly', 18),
  
  ('IZ_TR_0006', 'Child', 20),
  ('IZ_TR_0006', 'Student', 30),
  ('IZ_TR_0006', 'Adult', 40),
  ('IZ_TR_0006', 'Elderly', 25),
  
  ('IZ_TR_0007', 'Child', 20),
  ('IZ_TR_0007', 'Student', 30),
  ('IZ_TR_0007', 'Adult', 40),
  ('IZ_TR_0007', 'Elderly', 25),
  
  ('IZ_TR_0008', 'Child', 15),
  ('IZ_TR_0008', 'Student', 20),
  ('IZ_TR_0008', 'Adult', 30),
  ('IZ_TR_0008', 'Elderly', 18),
  
  ('IZ_TR_0009', 'Child', 15),
  ('IZ_TR_0009', 'Student', 20),
  ('IZ_TR_0009', 'Adult', 30),
  ('IZ_TR_0009', 'Elderly', 18),
  
  ('IZ_TR_0010', 'Child', 25),
  ('IZ_TR_0010', 'Student', 40),
  ('IZ_TR_0010', 'Adult', 50),
  ('IZ_TR_0010', 'Elderly', 35),
  
  ('IZ_TR_0011', 'Child', 20),
  ('IZ_TR_0011', 'Student', 30),
  ('IZ_TR_0011', 'Adult', 40),
  ('IZ_TR_0011', 'Elderly', 25),
  
  ('IZ_TR_0012', 'Child', 15),
  ('IZ_TR_0012', 'Student', 20),
  ('IZ_TR_0012', 'Adult', 30),
  ('IZ_TR_0012', 'Elderly', 18),
   
  ('TD_TR_0001', 'Child', 400),
  ('TD_TR_0001', 'Student', 500),
  ('TD_TR_0001', 'Adult', 600),
  ('TD_TR_0001', 'Elderly', 550),
  
  ('TD_TR_0002', 'Child', 500),
  ('TD_TR_0002', 'Student', 600),
  ('TD_TR_0002', 'Adult', 700),
  ('TD_TR_0002', 'Elderly', 625),
  
  ('TD_TR_0003', 'Child', 600),
  ('TD_TR_0003', 'Student', 700),
  ('TD_TR_0003', 'Adult', 800),
  ('TD_TR_0003', 'Elderly', 710),
  
  ('TD_TR_0004', 'Child', 550),
  ('TD_TR_0004', 'Student', 610),
  ('TD_TR_0004', 'Adult', 760),
  ('TD_TR_0004', 'Elderly', 580),
  
  ('TD_TR_0005', 'Child', 530),
  ('TD_TR_0005', 'Student', 590),
  ('TD_TR_0005', 'Adult', 730),
  ('TD_TR_0005', 'Elderly', 570),
  
  ('TD_TR_0006', 'Child', 200),
  ('TD_TR_0006', 'Student', 250),
  ('TD_TR_0006', 'Adult', 300),
  ('TD_TR_0006', 'Elderly', 230),
  
  ('TD_TR_0007', 'Child', 400),
  ('TD_TR_0007', 'Student', 500),
  ('TD_TR_0007', 'Adult', 600),
  ('TD_TR_0007', 'Elderly', 550),
  
  ('OB_AP_0001', 'Child', 900),
  ('OB_AP_0001', 'Student', 1000),
  ('OB_AP_0001', 'Adult', 1200),
  ('OB_AP_0001', 'Elderly', 950),
  
  ('OB_AP_0002', 'Child', 1200),
  ('OB_AP_0002', 'Student', 1600),
  ('OB_AP_0002', 'Adult', 1800),
  ('OB_AP_0002', 'Elderly', 1400),
  
  ('OB_AP_0003', 'Child', 1100),
  ('OB_AP_0003', 'Student', 1200),
  ('OB_AP_0003', 'Adult', 1300),
  ('OB_AP_0003', 'Elderly', 1150),
  
  ('OB_SH_0001', 'Child', 200),
  ('OB_SH_0001', 'Student', 270),
  ('OB_SH_0001', 'Adult', 300),
  ('OB_SH_0001', 'Elderly', 230),
  
  ('OB_SH_0002', 'Child', 300),
  ('OB_SH_0002', 'Student', 370),
  ('OB_SH_0002', 'Adult', 400),
  ('OB_SH_0002', 'Elderly', 340),
  
  ('OB_SH_0003', 'Child', 350),
  ('OB_SH_0003', 'Student', 400),
  ('OB_SH_0003', 'Adult', 600),
  ('OB_SH_0003', 'Elderly', 380),
  
  ('OB_SH_0004', 'Child', 290),
  ('OB_SH_0004', 'Student', 310),
  ('OB_SH_0004', 'Adult', 350),
  ('OB_SH_0004', 'Elderly', 300),
   
  ('OB_BU_0001', 'Child', 400),
  ('OB_BU_0001', 'Student', 500),
  ('OB_BU_0001', 'Adult', 600),
  ('OB_BU_0001', 'Elderly', 480),
  
  ('OB_BU_0002', 'Child', 470),
  ('OB_BU_0002', 'Student', 510),
  ('OB_BU_0002', 'Adult', 550),
  ('OB_BU_0002', 'Elderly', 490),
  
  ('OB_BU_0003', 'Child', 580),
  ('OB_BU_0003', 'Student', 610),
  ('OB_BU_0003', 'Adult', 700),
  ('OB_BU_0003', 'Elderly', 600),
  
  ('OB_BU_0004', 'Child', 1000),
  ('OB_BU_0004', 'Student', 1000),
  ('OB_BU_0004', 'Adult', 1000),
  ('OB_BU_0004', 'Elderly', 1000),
  
  ('OB_BU_0005', 'Child', 590),
  ('OB_BU_0005', 'Student', 630),
  ('OB_BU_0005', 'Adult', 670),
  ('OB_BU_0005', 'Elderly', 615),
  
  ('OB_BU_0006', 'Child', 390),
  ('OB_BU_0006', 'Student', 440),
  ('OB_BU_0006', 'Adult', 460),
  ('OB_BU_0006', 'Elderly', 420),
  
  ('OB_BU_0007', 'Child', 480),
  ('OB_BU_0007', 'Student', 530),
  ('OB_BU_0007', 'Adult', 550),
  ('OB_BU_0007', 'Elderly', 510),
  
  ('OB_BU_0008', 'Child', 500),
  ('OB_BU_0008', 'Student', 540),
  ('OB_BU_0008', 'Adult', 580),
  ('OB_BU_0008', 'Elderly', 520);
  
INSERT INTO VEHICLE
VALUES
  ('V_AP_01', 242),
  ('V_AP_02', 480),
  
  ('V_SH_01', 395),
  ('V_SH_02', 450),
  
  ('V_TR_01', 360),
  ('V_TR_02', 411),
  
  ('V_BU_01', 46),
  ('V_BU_02', 42);
  
INSERT INTO AIRPLANE
VALUES
  ('V_AP_01', 'Boeing 787'),
  ('V_AP_02', 'Airbus A350');

INSERT INTO SHIP
VALUES
  ('V_SH_01', 'Ferry', 30),
  ('V_SH_02', 'Ship', 0);
  
INSERT INTO TRAIN
VALUES
  ('V_TR_01', 'E-44000', 20),
  ('V_TR_02', 'DE-36000', 0);
  
INSERT INTO BUS
VALUES
  ('V_BU_01', '15-RHD'),
  ('V_BU_02', 'Fortuna');
  
INSERT INTO TRIP_INSTANCE
VALUES
  ('TA_AP_0001', '14:00:00', 35, 0, 0, 'V_AP_01'),
  ('TA_AP_0001', '18:00:00', 150, 0, 0, 'V_AP_02'),
  ('TA_AP_0002', '11:00:00', 47, 0, 0, 'V_AP_02'),
  ('TA_AP_0003', '18:00:00', 0, 0, 0, 'V_AP_01'),
  ('TA_AP_0003', '09:00:00', 106, 0, 0, 'V_AP_01'),
  ('TA_AP_0004', '17:00:00', 300, 0, 0, 'V_AP_02'),
  ('TA_AP_0005', '14:00:00', 0, 0, 0, 'V_AP_02'),
  ('TA_AP_0006', '20:00:00', 12, 0, 0, 'V_AP_01'),
  
  ('ID_SH_0001', '14:00:00', 162, 0, 24, 'V_SH_01'),
  ('ID_SH_0002', '12:00:00', 5, 0, 0, 'V_SH_02'), -- Exceeds the capacity
  ('ID_SH_0003', '13:30:00', 300, 0, 0, 'V_SH_02'),
  ('ID_SH_0004', '17:00:00', 63, 0, 0, 'V_SH_01'),
  ('ID_SH_0004', '12:00:00', 216, 0, 4, 'V_SH_01'),
  ('ID_SH_0004', '06:00:00', 350, 0, 30, 'V_SH_01'),
  ('ID_SH_0005', '16:00:00', 150, 0, 15, 'V_SH_01'),
  ('ID_SH_0006', '08:00:00', 213, 0, 0, 'V_SH_02'),
  ('ID_SH_0006', '15:00:00', 43, 0, 0, 'V_SH_02'),
  
  ('IZ_TR_0001', '15:00:00', 240, 0, 0, 'V_TR_02'),
  ('IZ_TR_0002', '16:10:00', 217, 0, 0, 'V_TR_02'),
  ('IZ_TR_0003', '15:25:00', 162, 0, 0, 'V_TR_02'),
  ('IZ_TR_0004', '09:30:00', 92, 0, 0, 'V_TR_02'),
  ('IZ_TR_0005', '12:00:00', 23, 0, 0, 'V_TR_02'),
  ('IZ_TR_0006', '15:10:00', 147, 0, 0, 'V_TR_02'),
  ('IZ_TR_0007', '15:25:00', 126, 0, 0, 'V_TR_02'),
  ('IZ_TR_0008', '18:55:00', 273, 0, 0, 'V_TR_02'),
  ('IZ_TR_0009', '13:00:00', 46, 0, 0, 'V_TR_02'),
  ('IZ_TR_0010', '20:10:00', 0, 0, 0, 'V_TR_02'),
  ('IZ_TR_0011', '11:25:00', 0, 0, 0, 'V_TR_02'),
  ('IZ_TR_0012', '20:45:00', 81, 0, 0, 'V_TR_02'),
  
  ('TD_TR_0001', '20:45:00', 300, 20, 0, 'V_TR_01'),
  ('TD_TR_0002', '18:30:00', 129, 0, 0, 'V_TR_02'),
  ('TD_TR_0003', '09:45:00', 45, 2, 0, 'V_TR_01'),
  ('TD_TR_0003', '06:00:00', 73, 0, 0, 'V_TR_02'),
  ('TD_TR_0004', '03:30:00', 195, 0, 0, 'V_TR_02'),
  ('TD_TR_0005', '14:00:00', 282, 14, 0, 'V_TR_01'),
  ('TD_TR_0005', '12:00:00', 0, 0, 0, 'V_TR_02'),
  ('TD_TR_0006', '08:45:00', 4, 4, 0, 'V_TR_01'),
  ('TD_TR_0007', '13:25:00', 298, 0, 0, 'V_TR_02'),
  
  ('OB_AP_0001', '12:20:00', 29, 0, 0, 'V_AP_01'),
  ('OB_AP_0002', '22:00:00', 213, 0, 0, 'V_AP_02'),
  ('OB_AP_0002', '18:30:00', 67, 0, 0, 'V_AP_01'),
  ('OB_AP_0003', '05:00:00', 0, 0, 0, 'V_AP_02'),
  
  ('OB_SH_0001', '13:40:00', 113, 0, 6, 'V_SH_01'),
  ('OB_SH_0001', '10:00:00', 5, 0, 0, 'V_SH_02'), -- Exceeds the capacity
  ('OB_SH_0002', '07:30:00', 262, 0, 0, 'V_SH_02'),
  ('OB_SH_0003', '18:45:00', 36, 0, 4, 'V_SH_01'),
  ('OB_SH_0004', '14:05:00', 174, 0, 12, 'V_SH_01'),
  
  ('OB_BU_0001', '10:00:00', 14, 0, 0, 'V_BU_01'),
  ('OB_BU_0002', '15:05:00', 16, 0, 0, 'V_BU_02'),
  ('OB_BU_0003', '13:45:00', 30, 0, 0, 'V_BU_01'),
  ('OB_BU_0003', '06:35:00', 0, 0, 0, 'V_BU_02'),
  ('OB_BU_0003', '20:00:00', 4, 0, 0, 'V_BU_02'),
  ('OB_BU_0004', '23:30:00', 8, 0, 0, 'V_BU_01'),
  ('OB_BU_0005', '16:25:00', 20, 0, 0, 'V_BU_01'),
  ('OB_BU_0006', '12:45:00', 40, 0, 0, 'V_BU_01'),
  ('OB_BU_0007', '05:30:00', 30, 0, 0, 'V_BU_02'),
  ('OB_BU_0007', '20:00:00', 26, 0, 0, 'V_BU_02'),
  ('OB_BU_0008', '20:00:00', 20, 0, 0, 'V_BU_01');
  
INSERT INTO SEAT
VALUES
  ('TA_AP_0001', '14:00:00', 162, 'Regular'),
  ('TA_AP_0001', '14:00:00', 02, 'Regular'),
  ('TA_AP_0003', '09:00:00', 66, 'Regular'),
  ('TA_AP_0004', '17:00:00', 172, 'Regular'),
  
  ('ID_SH_0002', '12:00:00', 147, 'Regular'),
  ('ID_SH_0004', '17:00:00', 1, 'Regular'),
  ('ID_SH_0004', '06:00:00', 92, 'Regular'),
  ('ID_SH_0006', '15:00:00', 150, 'Regular'),
  
  ('IZ_TR_0001', '15:00:00', 0, 'None'),
  ('IZ_TR_0003', '15:25:00', 0, 'None'),
  ('IZ_TR_0009', '13:00:00', 0, 'None'),
  ('IZ_TR_0012', '20:45:00', 0, 'None'),
  
  ('TD_TR_0001', '20:45:00', 6, 'Bed'),
  ('TD_TR_0002', '18:30:00', 46, 'Regular'),
  ('TD_TR_0003', '09:45:00', 4, 'Bed'),
  ('TD_TR_0003', '06:00:00', 130, 'Regular'),
  ('TD_TR_0006', '08:45:00', 65, 'Regular'),
  ('TD_TR_0007', '13:25:00', 32, 'Regular'),
  
  ('OB_AP_0002', '22:00:00', 182, 'Regular'),
  ('OB_AP_0002', '18:30:00', 36, 'Regular'),
  
  ('OB_SH_0001', '10:00:00', 301, 'Regular'),
  ('OB_SH_0004', '14:05:00', 88, 'Regular'),
  
  ('OB_BU_0001', '10:00:00', 29, 'Regular'),
  ('OB_BU_0003', '20:00:00', 11, 'Regular'),
  ('OB_BU_0005', '16:25:00', 2, 'Regular'),
  ('OB_BU_0007', '05:30:00', 7, 'Regular');
  
INSERT INTO RESERVATION
VALUES
  ('TA_AP_0001', '14:00:00', 162, 'Regular', 1),
  ('TA_AP_0001', '14:00:00', 02, 'Regular', 3),
  ('TA_AP_0003', '09:00:00', 66, 'Regular', 16),
  ('TA_AP_0004', '17:00:00', 172, 'Regular', 23),
  
  ('ID_SH_0002', '12:00:00', 147, 'Regular', 26),
  ('ID_SH_0004', '17:00:00', 1, 'Regular', 10),
  ('ID_SH_0004', '06:00:00', 92, 'Regular', 7),
  ('ID_SH_0006', '15:00:00', 150, 'Regular', 8),
  
  ('IZ_TR_0001', '15:00:00', 0, 'None', 2),
  ('IZ_TR_0003', '15:25:00', 0, 'None', 11),
  ('IZ_TR_0009', '13:00:00', 0, 'None', 40),
  ('IZ_TR_0012', '20:45:00', 0, 'None', 17),
  
  ('TD_TR_0001', '20:45:00', 6, 'Bed', 6),
  ('TD_TR_0002', '18:30:00', 46, 'Regular', 14),
  ('TD_TR_0003', '09:45:00', 4, 'Bed', 29),
  ('TD_TR_0003', '06:00:00', 130, 'Regular', 33),
  ('TD_TR_0006', '08:45:00', 65, 'Regular', 19),
  ('TD_TR_0007', '13:25:00', 32, 'Regular', 4),
  
  ('OB_AP_0002', '22:00:00', 182, 'Regular', 38),
  ('OB_AP_0002', '18:30:00', 36, 'Regular', 15),
  
  ('OB_SH_0001', '10:00:00', 301, 'Regular', 9),
  ('OB_SH_0004', '14:05:00', 88, 'Regular', 27),
  
  ('OB_BU_0001', '10:00:00', 29, 'Regular', 38),
  ('OB_BU_0003', '20:00:00', 11, 'Regular', 15),
  ('OB_BU_0005', '16:25:00', 2, 'Regular', 30),
  ('OB_BU_0007', '05:30:00', 7, 'Regular', 25);
  
  
INSERT INTO RENTAL_LOCATION
VALUES
  ('İstanbul(41.0082° N, 28.9784° E)'),
  ('İstanbul(41.0422° N, 29.0094° E)'),
  ('İstanbul(41.0799° N, 29.0458° E)'),
  ('Ankara(39.9334° N, 32.8597° E)'),
  ('Ankara(39.9208° N, 32.8541° E)'),
  ('Ankara(39.9337° N, 32.8597° E)'),
  ('İzmir(38.4192° N, 27.1287° E)'),
  ('İzmir(38.4131° N, 27.1399° E)'),
  ('İzmir(38.4237° N, 27.1338° E)'),
  ('Antalya(36.8969° N, 30.7133° E)'),
  ('Antalya(36.8841° N, 30.7056° E)'),
  ('Antalya(36.9034° N, 30.6898° E)'),
  ('Bursa(40.1821° N, 29.0670° E)'),
  ('Bursa(40.1846° N, 29.0615° E)'),
  ('Bursa(40.1768° N, 29.0674° E)'),
  ('Adana(37.0000° N, 35.3213° E)'),
  ('Adana(37.0022° N, 35.3169° E)'),
  ('Adana(37.0051° N, 35.3136° E)'),
  ('Konya(37.8714° N, 32.4846° E)'),
  ('Konya(37.8740° N, 32.4818° E)'),
  ('Konya(37.8664° N, 32.4855° E)'),
  ('Samsun(41.2867° N, 36.3300° E)'),
  ('Samsun(41.2805° N, 36.3241° E)'),
  ('Samsun(41.2903° N, 36.3337° E)'),
  ('Çanakkale(40.1553° N, 26.4142° E)'),
  ('Çanakkale(40.1457° N, 26.4063° E)'),
  ('Çanakkale(40.1609° N, 26.4201° E)'),
  ('Hatay(36.2033° N, 36.1614° E)'),
  ('Hatay(36.2097° N, 36.1725° E)'),
  ('Hatay(36.1981° N, 36.1559° E)');

INSERT INTO RVEHICLE
VALUES
  ('RV_MM_01', 70),
  ('RV_MM_02', 110),
  ('RV_MM_03', 200),
  ('RV_MM_04', 400),
  
  ('RV_CR_01', 1047),
  ('RV_CR_02', 1174),
  ('RV_CR_03', 3192),
  ('RV_CR_04', 55000);
  
INSERT INTO MICROMOBILITY
VALUES
  ('RV_MM_01', 'Bike'),
  ('RV_MM_02', 'Scooter'),
  ('RV_MM_03', 'Hoverboard'),
  ('RV_MM_04', 'Motorbike');

INSERT INTO CAR
VALUES
  ('RV_CR_01', 'Renault Clio', 'Automatic', 5, 'Gasoline'),
  ('RV_CR_02', 'Ford Focus', 'Manual', 5, 'Gasoline'),
  ('RV_CR_03', 'Mercedes Vito', 'Automatic', 9, 'Diesel'),
  ('RV_CR_04', 'Rolls-Royce Sweptail', 'Automatic', 5, 'Gasoline');
  
INSERT INTO RENTAL_INSTANCE
VALUES
  ('MT_MM_0001', 'İstanbul(41.0082° N, 28.9784° E)', '2024-02-18 22:00:00', 'İstanbul(41.0422° N, 29.0094° E)', '2024-02-18 23:00:00'),
  ('MT_MM_0002', 'Ankara(39.9208° N, 32.8541° E)', '2024-03-03 12:00:00', 'Ankara(39.9337° N, 32.8597° E)', '2024-03-03 18:00:00'),
  ('MT_MM_0003', 'Bursa(40.1768° N, 29.0674° E)', '2024-01-08 12:00:00', 'Bursa(40.1821° N, 29.0670° E)', '2024-01-09 12:00:00'),
  ('MT_MM_0004', 'Çanakkale(40.1457° N, 26.4063° E)', '2024-01-15 12:00:00', 'Çanakkale(40.1457° N, 26.4063° E)', '2024-01-15 12:30:00'),
  ('MT_MM_0005', 'Antalya(36.9034° N, 30.6898° E)', '2024-02-26 12:00:00', 'Antalya(36.8841° N, 30.7056° E)', '2024-02-28 20:00:00'),
  
  ('YC_CR_0001', 'Konya(37.8714° N, 32.4846° E)', '2024-02-07 12:00:00', 'Samsun(41.2805° N, 36.3241° E)', '2024-02-09 20:00:00'),
  ('YC_CR_0002', 'Çanakkale(40.1553° N, 26.4142° E)', '2024-01-11 22:00:00', 'Ankara(39.9334° N, 32.8597° E)', '2024-01-13 22:00:00'),
  ('YC_CR_0003', 'Ankara(39.9334° N, 32.8597° E)', '2024-03-19 10:00:00', 'İzmir(38.4131° N, 27.1399° E)', '2024-03-26 14:00:00'),
  
  ('OB_CR_0001', 'Hatay(36.2097° N, 36.1725° E)', '2024-02-22 08:00:00', 'Antalya(36.8969° N, 30.7133° E)', '2024-02-23 15:00:00'),
  ('OB_CR_0002', 'Samsun(41.2805° N, 36.3241° E)', '2024-01-27 22:00:00', 'İstanbul(41.0422° N, 29.0094° E)', '2024-02-10 12:00:00'),
  ('OB_CR_0003', 'Adana(37.0022° N, 35.3169° E)', '2024-02-04 22:00:00', 'Adana(37.0022° N, 35.3169° E)', '2024-03-04 12:00:00'),
  ('OB_CR_0004', 'İzmir(38.4237° N, 27.1338° E)', '2024-03-16 11:00:00', 'Bursa(40.1846° N, 29.0615° E)', '2024-03-17 14:00:00');
  
INSERT INTO RENTAL
VALUES
  ('MT_MM_0001', 'RV_MM_04', 36),
  ('MT_MM_0002', 'RV_MM_02', 13),
  ('MT_MM_0003', 'RV_MM_02', 40),
  ('MT_MM_0004', 'RV_MM_03', 24),
  ('MT_MM_0005', 'RV_MM_01', 2),

  ('YC_CR_0001', 'RV_CR_03', 12),
  ('YC_CR_0002', 'RV_CR_01', 37),
  ('YC_CR_0003', 'RV_CR_02', 18),
  
  ('OB_CR_0001', 'RV_CR_02', 23),
  ('OB_CR_0002', 'RV_CR_01', 7),
  ('OB_CR_0003', 'RV_CR_04', 18),
  ('OB_CR_0004', 'RV_CR_03', 32);
  